NUTS,2000,2001,2002,2003,2004,2005,2006,2007,2008,2009,2010,2011
EU28,19000,19700,20400,20600,21600,22400,23600,24900,25000,23400,24400,25100
EU27,19100,19800,20500,20800,21700,22500,23700,25100,25100,23500,24500,25200
BE,24600,25300,26000,26600,28000,29000,30200,31600,32400,31600,32700,33600
BE1,50000,51400,53000,53400,55300,57300,58400,60100,60600,59800,61200,62000
BE10,50000,51400,53000,53400,55300,57300,58400,60100,60600,59800,61200,62000
BE2,24400,25000,25700,26300,27800,28800,30200,31700,32300,31400,32400,33600
BE21,28900,29200,30200,30700,32600,34200,35400,37000,37800,36200,37600,38900
BE22,20700,21200,21800,22300,23000,23300,24800,26300,27000,25500,26700,27800
BE23,21300,21900,22900,23600,24900,25700,27000,28500,29000,28600,29500,30600
BE24,25300,26600,26600,27500,29200,30200,31800,33400,33900,33900,34500,35500
BE25,23100,23700,24200,25000,26200,27000,28600,30200,30600,29500,30700,31800
BE3,17800,18200,18600,19100,20100,20900,21900,22700,23700,23100,24100,24600
BE31,22600,23500,24500,24900,26900,28200,29500,30400,32800,31900,35800,33200
BE32,16200,16600,16900,17600,18400,19100,19900,20600,21500,20700,21300,22100
BE33,18500,18900,19200,19600,20600,21300,22300,23400,24200,23700,24200,25200
BE34,17200,17200,17900,18200,19000,19800,21000,21400,21600,21300,22000,22600
BE35,16900,17300,17900,18500,19300,20000,21100,21900,22600,22300,23400,24000
BG,1700,2000,2200,2400,2600,3000,3400,4000,4600,4600,4800,5200
BG3,1600,1800,1900,2000,2200,2500,2700,3100,3500,3400,3500,3900
BG31,1500,1700,1800,1900,2000,2300,2400,2700,3000,2900,2900,3200
BG32,1400,1700,1900,1900,2100,2300,2500,2800,3200,3100,3100,3500
BG33,1600,1800,1900,2100,2300,2600,3000,3400,4000,3700,3900,4200
BG34,1800,1900,1900,2200,2400,2800,3000,3300,3800,3800,3900,4300
BG4,1800,2200,2500,2700,3100,3600,4200,5100,5800,5900,6200,6700
BG41,2300,2700,3100,3400,3900,4500,5400,6600,7800,7900,8200,8800
BG42,1300,1500,1600,1800,2000,2300,2600,2900,3200,3200,3300,3600
CZ,6200,7000,8200,8300,9000,10200,11500,12800,14800,13600,14300,14800
CZ0,6200,7000,8200,8300,9000,10200,11500,12800,14800,13600,14300,14800
CZ01,12100,14300,16900,17300,18800,21500,24200,27400,32000,28900,30500,31200
CZ02,5900,6600,7700,7700,8400,9300,10800,11900,13700,12100,12600,13200
CZ03,5800,6500,7500,7600,8400,9500,10700,11400,12500,11700,12400,12900
CZ04,5200,5700,6700,6900,7400,8300,9200,10100,11500,11000,11200,11500
CZ05,5600,6300,7200,7000,7600,8600,9600,10500,12000,11000,11700,12200
CZ06,5500,6400,7300,7400,8000,9000,10200,11400,13300,12300,12900,13400
CZ07,5100,5700,6500,6600,7100,8000,8900,9900,11800,10900,11400,12000
CZ08,4900,5500,6400,6400,7300,8700,9600,10700,12600,11100,12000,12900
DK,32500,33500,34400,35000,36500,38300,40200,41700,42800,40500,42600,43200
DK0,31500,32500,33400,34000,35400,36800,38500,40000,41000,39300,41200,41500
DK01,39200,40100,40400,41700,43800,46700,47700,49400,50500,48600,52700,52500
DK02,23600,24600,25500,25900,27000,27900,29100,29800,30000,28600,30000,30200
DK03,29200,30200,31200,31700,32900,33500,35800,37400,38500,36500,37800,38200
DK04,30300,31400,32700,32700,33900,34500,37000,38300,39500,38000,38600,38700
DK05,28300,29400,30800,31200,31600,32600,35000,36500,37600,36300,36600,37700
DE,24900,25500,25900,26000,26600,27000,28100,29500,30100,29000,30500,31900
DE1,28300,29300,29300,29500,29800,30000,31800,33500,33800,31400,33900,35800
DE11,31100,32500,32300,32600,32700,32500,34800,37000,36700,33500,37000,39300
DE12,28500,29400,29700,29700,30100,30600,32200,33600,34300,32500,33900,35200
DE13,24800,25300,25400,25400,25800,26100,27500,28700,29400,27700,29400,31300
DE14,26000,26800,27000,27100,27800,28200,29600,31300,32300,29700,32200,34400
DE2,28100,28700,29300,29400,30100,30500,31700,33300,33500,32900,34600,36600
DE21,35600,36500,37000,36900,37600,38100,39300,41200,40600,39900,41700,43700
DE22,22800,23700,24300,24300,25300,25600,26600,28200,28700,27900,30200,32500
DE23,24200,24200,25100,25300,25800,26500,27500,29500,30500,29400,31500,33600
DE24,22300,23000,23100,23000,23600,23800,25200,26200,26700,27100,28500,30000
DE25,26900,26500,27600,27700,28800,28600,29600,30900,31800,31600,32800,34500
DE26,24500,25300,25800,26100,26500,27300,28300,29700,30000,28900,30700,32500
DE27,24300,24900,25800,25700,26200,26700,28200,29000,29800,29000,30500,32400
DE3,24100,24300,24200,23900,23900,24400,25400,26600,27800,27900,28700,29300
DE30,24100,24300,24200,23900,23900,24400,25400,26600,27800,27900,28700,29300
DE4,16900,17300,17500,17600,18200,18500,19300,20200,21000,20600,21800,22800
DE40,16900,17300,17500,17600,18200,18500,19300,20200,21000,20600,21800,22800
DE5,33600,34700,35600,36200,36400,36900,38600,40000,40600,37200,39900,41100
DE50,33600,34700,35600,36200,36400,36900,38600,40000,40600,37200,39900,41100
DE6,44700,46900,47500,47300,48400,49100,49700,50900,52200,49800,51700,52500
DE60,44700,46900,47500,47300,48400,49100,49700,50900,52200,49800,51700,52500
DE7,31100,32100,32300,33000,33400,33800,34900,36300,36800,34900,36000,37500
DE71,36000,37300,37200,38000,38500,38800,40000,41500,41800,39600,40500,42000
DE72,22700,23300,23600,23800,24600,25200,25900,27400,28200,26300,27400,29000
DE73,23700,24300,24900,25700,25800,26200,27200,28300,28600,27600,29200,30600
DE8,16400,16800,17000,17100,17600,17900,18500,19700,20400,20300,21100,21800
DE80,16400,16800,17000,17100,17600,17900,18500,19700,20400,20300,21100,21800
DE9,22400,22600,22400,22600,23100,23700,24800,25800,26600,25600,27200,28500
DE91,23800,24600,23900,24400,25000,25700,26600,28300,28400,26700,29800,32400
DE92,24400,24500,24700,24900,25100,26500,27800,28300,29400,28500,29900,31000
DE93,18500,18300,18300,18300,18600,18800,19600,20500,21200,20600,21300,22000
DE94,22300,22600,22300,22300,23100,23300,24400,25800,26900,25800,27200,28300
DEA,25300,25800,26200,26300,27000,27300,28200,30000,30800,29700,31100,32300
DEA1,27400,28500,28800,29100,29900,30200,31000,33200,34600,33100,34300,35600
DEA2,27800,28000,29100,28500,29100,29000,30100,31800,31800,31300,32700,33500
DEA3,21500,21900,22000,22400,23200,23600,24600,26100,27400,26100,27500,28800
DEA4,25200,25400,25400,25400,25900,26500,27400,29400,29700,28600,29900,31300
DEA5,22200,22400,22700,23000,23700,24300,25200,26600,27400,26100,27800,29300
DEB,22600,22700,23200,23300,24000,24100,25100,26200,26700,26100,27600,28900
DEB1,21600,21700,22300,22400,23000,23300,24300,25200,25700,25200,26700,27800
DEB2,20200,20500,21200,21700,22300,22400,23000,23900,24500,24100,24900,26100
DEB3,23900,24000,24300,24400,25200,25200,26200,27500,27900,27300,29000,30500
DEC,23300,23800,23900,24100,25400,26800,28100,29600,30100,27400,29200,31200
DEC0,23300,23800,23900,24100,25400,26800,28100,29600,30100,27400,29200,31200
DED,16700,17400,18100,18500,19200,19400,20400,21400,21800,21300,22200,23200
DED2,16800,17700,18600,19200,20000,20100,20800,21800,22000,21500,22300,23200
DED4,15800,16400,17000,17300,18000,18300,19400,20500,20900,20200,21400,22300
DED5,18000,18500,19100,19400,19900,20000,21300,22200,22800,22600,23400,24600
DEE,16000,16400,17200,17400,18000,18300,19300,20500,21000,20300,21600,22300
DEE0,16000,16400,17200,17400,18000,18300,19300,20500,21000,20300,21600,22300
DEF,22700,23200,22800,23000,23500,23500,24300,24900,25700,25000,25600,26800
DEF0,22700,23200,22800,23000,23500,23500,24300,24900,25700,25000,25600,26800
DEG,15800,16300,16700,17100,17700,17900,18700,19800,20200,19600,20800,22000
DEG0,15800,16300,16700,17100,17700,17900,18700,19800,20200,19600,20800,22000
EE,4500,5100,5700,6400,7200,8300,10000,12000,12100,10400,10700,12100
EE0,4500,5100,5700,6400,7200,8300,10000,12000,12100,10400,10700,12100
EE00,4500,5100,5700,6400,7200,8300,10000,12000,12100,10400,10700,12100
IE,27800,30400,33200,35200,36900,39200,41600,43100,40100,35800,34700,35500
IE0,27700,30300,33200,35200,36900,39200,41600,43100,40100,35800,34700,35500
IE01,18300,19900,22200,23900,26100,27100,29900,29900,27800,24800,23100,23700
IE02,31000,34000,37200,39300,40800,43600,45800,47900,44600,39800,39000,39900
EL,12600,13400,14300,15600,16700,17400,18700,19900,20800,20500,19600,18500
EL1,11100,11600,12100,13400,14500,13800,14800,15800,16400,16000,15200,14200
EL11,9400,10200,10400,11500,12200,12700,13300,14500,15100,14900,14600,13100
EL12,11700,12000,12500,13800,15100,14000,15000,16200,16700,16200,15400,14400
EL13,11500,11900,13200,14100,14900,15800,16900,18100,19200,18700,18100,18500
EL14,10700,11400,12100,13600,14800,13500,14500,15000,15500,15000,14200,13000
EL2,12100,12400,13000,14100,15000,14900,15800,16700,17000,16500,15900,14900
EL21,10700,11200,11700,13100,14200,12600,13300,14200,14500,14400,13900,12800
EL22,12300,13200,14000,15600,16400,18300,19400,20700,21200,20300,19000,17400
EL23,9900,10500,11100,12400,13100,13900,14800,15400,15700,15200,14700,13700
EL24,15100,15400,15800,16700,17700,17000,17500,18300,18800,17900,17700,16600
EL25,12500,12400,12900,13900,14900,14400,15700,16600,16700,16500,15800,14900
EL3,14300,15500,16900,18600,19800,22200,24200,25900,27200,27200,26200,24800
EL30,14300,15500,16900,18600,19800,22200,24200,25900,27200,27200,26200,24800
EL4,12900,13600,14600,15900,16700,16800,17900,18800,19700,19400,18300,17100
EL41,10200,11900,11900,13900,14000,13800,15000,16200,17000,16800,15500,14500
EL42,15400,15900,16900,18500,19300,20100,21200,22500,23800,23600,22100,20600
EL43,12500,13100,14300,15300,16200,16000,17100,17700,18300,18100,17100,16000
ES,15600,16700,17700,18600,19700,21000,22400,23500,23900,22800,22700,22700
ES1,12700,13600,14500,15500,16600,18000,19600,20900,21700,20800,21000,20900
ES11,12100,13000,13900,14900,16100,17500,19000,20300,21100,20400,20600,20500
ES12,13100,14100,15000,15900,17000,18500,20200,21600,22300,21100,21200,21300
ES13,14600,15800,16800,17600,18700,20000,21300,22600,23100,22000,22100,22100
ES2,18300,19500,20700,21900,23200,24800,26700,28300,29200,27800,28200,28400
ES21,19100,20400,21600,22800,24200,26100,28100,29800,30900,29700,30100,30500
ES22,19800,20900,22100,23300,24600,26200,27800,29200,29900,28700,28800,29100
ES23,17800,18700,19500,20700,21600,22900,24400,25700,26400,25000,25300,25500
ES24,16300,17400,18800,19900,21100,22500,24200,25900,26500,25100,25300,25300
ES3,21300,22600,23500,24600,25800,27300,29100,30500,30900,30200,29500,29600
ES30,21300,22600,23500,24600,25800,27300,29100,30500,30900,30200,29500,29600
ES4,12600,13500,14400,15300,16300,17500,18700,19900,20200,19400,19400,19500
ES41,14100,15000,16000,17100,18200,19500,20800,22100,22500,21800,22000,22300
ES42,12200,13100,13900,14900,15700,16900,18100,19200,19500,18400,18200,18100
ES43,9900,10500,11200,12000,12800,13900,14800,15800,16300,15900,15900,15700
ES5,17600,18800,19700,20600,21600,22700,24100,25000,25300,23900,23900,23900
ES51,19100,20400,21400,22400,23600,24700,26200,27300,27600,26500,26500,26600
ES52,15100,16200,16900,17700,18500,19500,20800,21500,21700,20200,20100,19900
ES53,19300,20200,20800,21200,22100,23200,24400,25300,25600,24200,23800,23800
ES6,11800,12600,13500,14500,15500,16600,17700,18500,18700,17700,17500,17300
ES61,11500,12400,13200,14300,15200,16300,17400,18200,18400,17400,17200,17100
ES62,13100,14000,14900,15900,16800,18000,19100,20000,20300,19000,19000,18500
ES63,13200,13700,14600,15700,16700,17700,19000,20200,21000,20800,20100,19600
ES64,13000,13400,14000,14900,15900,17100,18400,18900,19500,19100,18300,17800
ES7,14800,15700,16400,17300,18000,18800,19700,20400,20500,19200,19300,19300
ES70,14800,15700,16400,17300,18000,18800,19700,20400,20500,19200,19300,19300
FR,23700,24500,25000,25600,26500,27300,28400,29600,30100,29300,29900,30700
FR1,37100,38000,39200,40100,40900,42300,43600,46200,49200,47500,49700,51200
FR10,37100,38000,39200,40100,40900,42300,43600,46200,49200,47500,49700,51200
FR2,20900,21400,21800,22100,23100,23600,24300,25500,25100,24300,24600,25200
FR21,22400,22500,22900,22700,24700,25000,25800,27000,26800,25400,25700,26000
FR22,19400,19900,20300,20600,21200,21700,22200,23400,23200,22400,22900,23400
FR23,21900,22300,22600,22900,24000,24700,25400,26700,26200,25200,26000,26900
FR24,21200,21900,22400,23000,23700,24100,25000,26100,25400,24800,25100,25600
FR25,19600,19900,20600,21000,22100,22400,23200,23700,23600,22900,23200,23800
FR26,21000,21400,21800,22100,23200,23600,24500,25800,25800,24800,24700,25500
FR3,18500,19100,19700,20300,21100,21700,22900,23900,24500,23800,24100,24800
FR30,18500,19100,19700,20300,21100,21700,22900,23900,24500,23800,24100,24800
FR4,21200,21900,22300,22500,23400,23700,24400,25400,25400,24600,24700,25400
FR41,19600,20200,20700,21000,22100,22500,23200,24100,23600,22900,22900,23500
FR42,23600,24100,24400,24500,25400,25500,26400,27800,28300,27600,27600,28500
FR43,21000,21800,22200,22200,23100,23300,23800,24400,24200,23200,23600,24300
FR5,20600,21400,21900,22400,23400,24100,24900,25800,25700,24900,25100,25800
FR51,21400,22300,22800,23200,24000,24700,25400,26500,26900,26000,26300,27100
FR52,20400,21100,21500,22100,23300,24100,25100,25700,25300,24400,24400,25100
FR53,19600,20200,20900,21400,22400,22800,23500,24500,23900,23400,23900,24500
FR6,20700,21900,22500,22900,23500,24400,25700,26200,26000,25700,25800,26400
FR61,21100,22300,23000,23100,23800,24600,25800,26600,26200,25900,26200,26800
FR62,20700,21900,22500,23100,23600,24600,26200,26400,26600,26200,26000,26700
FR63,19400,20000,20800,21100,21500,22400,23200,23900,23100,22700,22900,23300
FR7,23300,23900,24200,24900,25900,26600,27900,28900,29400,28300,28700,29500
FR71,24100,24700,25000,25700,26800,27400,28800,29800,30500,29300,29800,30600
FR72,19900,20300,20900,21400,22300,22900,23700,24900,24300,23600,23800,24500
FR8,20500,21400,21800,22400,23400,24200,25300,26100,26300,25900,26300,27100
FR81,18300,19100,19500,20000,20900,21400,22400,23200,23600,23200,22900,23500
FR82,21800,22800,23200,23800,24900,25900,27000,27800,27800,27500,28200,29200
FR83,17700,18500,18800,19200,20000,20900,22000,22800,23900,24400,24600,25600
FR9,13200,14100,14600,14800,15700,16900,18000,18800,19000,18500,19100,19700
FR91,13800,14500,15000,15300,16300,19000,20100,20400,20700,20100,19400,21600
FR92,15200,16100,16500,16900,17800,18700,19900,19800,20200,19800,21500,21600
FR93,10900,12600,13000,12800,12600,12900,13900,14600,14400,14500,15000,14800
FR94,12400,13100,13700,13900,15100,16000,17000,18600,18700,18200,19100,19300
HR,5300,5800,6300,6800,7400,8100,8900,9800,10700,10100,10100,10400
HR0,5300,5800,6300,6800,7400,8100,8900,9800,10700,10100,10100,10400
HR03,5100,5500,6000,6700,7400,8000,8600,9600,10400,9800,9700,10000
HR04,5300,5900,6500,6900,7400,8200,9100,9800,10900,10300,10200,10600
IT,21000,22000,22800,23300,24000,24500,25300,26200,26300,25200,25700,26000
ITC,25800,27000,27900,28600,29200,29700,30500,31500,32100,30300,31200,31700
ITC1,23700,24700,25500,26200,26900,27300,28300,28900,28700,26700,27700,28200
ITC2,25400,27200,28000,29500,30300,30900,31800,32300,33500,32200,33400,33700
ITC3,21600,23000,23400,24400,25100,25500,26200,27600,28200,26800,26700,27200
ITC4,27500,28800,29900,30400,31000,31400,32200,33300,34200,32400,33600,33900
ITH,26000,26900,27500,28100,29000,29500,30600,31700,31500,30000,30500,31200
ITH1,29400,30100,30500,31300,33000,33200,34700,35900,36400,36100,36900,37700
ITH2,26100,27100,27700,28100,28500,28900,29700,31000,31100,30300,30800,31200
ITH3,25300,26100,26500,27400,28500,29000,29800,30800,30500,29100,29500,30200
ITH4,24400,25500,26300,26300,27100,28100,29200,30400,29900,28200,29200,29600
ITH5,26900,27900,28500,28900,29700,30100,31500,32800,32700,30800,31100,32100
ITI,23000,24300,25300,25800,26900,27300,28100,28900,28700,28000,28100,28400
ITI1,22700,23800,24600,25200,25800,26200,27200,28200,28200,27500,27700,28200
ITI2,20700,21700,22000,22400,23000,23200,24100,24900,24800,23200,23600,23700
ITI3,21200,22200,23200,23500,24200,24700,26000,26900,26400,25600,25800,26100
ITI4,24200,25600,27000,27500,29000,29500,29900,30600,30300,29700,29700,29900
ITF,13900,14600,15200,15500,15900,16300,16900,17500,17500,17000,17100,17200
ITF1,18100,19000,19400,19400,19300,20100,20900,21700,22000,21100,21600,22400
ITF2,16300,17200,17700,17900,18600,19100,20400,21200,20800,20300,20100,20100
ITF3,13000,13800,14500,14700,15200,15500,16100,16700,16700,16200,16100,16000
ITF4,14100,14600,15100,15400,15900,16100,16800,17200,17100,16600,16900,17100
ITF5,14800,15300,15700,16000,16700,16900,17900,18700,18700,18100,17800,18300
ITF6,12900,13600,14100,14500,15200,15600,16200,16600,16900,16500,16400,16400
ITG,13900,14600,15000,15500,16000,16600,17200,17700,17900,17400,17400,17400
ITG1,13400,14100,14500,15000,15400,16000,16600,17000,17200,16700,16700,16600
ITG2,15400,16300,16500,17200,17900,18300,19000,19600,20100,19500,19600,19700
CY,14300,15300,15600,16200,17300,18400,19500,20700,21800,20900,21000,21100
CY0,14300,15300,15600,16200,17300,18400,19500,20700,21800,20900,21000,21100
CY00,14300,15300,15600,16200,17300,18400,19500,20700,21800,20900,21000,21100
LV,3600,3900,4200,4300,4900,5800,7200,9600,10500,8600,8600,9800
LV0,3600,3900,4200,4300,4900,5800,7200,9500,10500,8600,8600,9800
LV00,3600,3900,4200,4300,4900,5800,7200,9500,10500,8600,8600,9800
LT,3600,3900,4400,4900,5400,6300,7400,8900,10100,8400,8900,10200
LT0,3600,3900,4400,4900,5400,6300,7400,8900,10100,8400,8900,10200
LT00,3600,3900,4400,4900,5400,6300,7400,8900,10100,8400,8900,10200
LU,50300,51100,53700,57100,59900,65000,71700,78000,76400,71400,77400,80300
LU0,50300,51100,53700,57100,59900,65000,71700,78000,76400,71400,77400,80300
LU00,50300,51100,53700,57100,59900,65000,71700,78000,76400,71400,77400,80300
HU,4900,5800,6900,7300,8100,8800,8900,9900,10500,9100,9600,9900
HU1,7500,9000,11300,11600,13000,14200,14600,16300,17300,15300,15800,16200
HU10,7500,9000,11300,11600,13000,14200,14600,16300,17300,15300,15800,16200
HU2,4700,5200,6100,6600,7300,7800,7700,8600,9000,7500,8200,8500
HU21,4800,5400,6100,6700,7700,8300,8100,9200,9500,7600,8400,8700
HU22,5600,6000,7100,7800,8400,8800,9000,9700,10200,8500,9600,10100
HU23,3700,4300,5100,5300,5700,6100,6000,6700,7200,6300,6600,6600
HU3,3400,4000,4600,4900,5400,5800,5800,6400,6800,5900,6100,6300
HU31,3200,3800,4400,4700,5300,5800,5700,6300,6600,5600,5900,5900
HU32,3300,3900,4600,4900,5300,5600,5700,6200,6600,5900,6100,6300
HU33,3700,4300,4900,5100,5700,6100,6000,6500,7100,6100,6300,6500
MT,11200,11400,11800,11600,11600,12200,12800,13700,14600,14400,15400,16000
MT0,11200,11400,11700,11600,11600,12200,12800,13700,14500,14400,15400,15900
MT00,11200,11400,11700,11600,11600,12200,12800,13700,14500,14400,15400,15900
NL,26300,27900,28800,29400,30200,31500,33100,34900,36200,34700,35300,35900
NL1,23900,26000,26400,27300,27600,29400,31800,32800,36300,33400,34400,35800
NL11,29200,32400,33000,34600,35300,38300,43200,42900,52000,45600,48000,50400
NL12,21400,23000,23100,23800,23900,25200,26400,28000,28800,27900,28400,29100
NL13,20900,22300,22800,23100,23200,24500,25400,27200,27900,26300,26300,27500
NL2,22100,23500,24100,24700,25100,25900,27500,29200,30200,29400,29600,30100
NL21,22800,24200,24800,25400,25900,26800,28000,29800,31200,30600,30900,31400
NL22,22200,23700,24300,24800,25200,26000,27700,29400,30300,29600,29700,30100
NL23,18800,20200,20600,21700,22100,22900,25100,26900,26700,24900,25800,26100
NL3,28400,30100,31500,32000,32900,34300,35600,37700,38500,37300,37900,38100
NL31,32500,35000,35500,35600,36300,37500,38800,40900,41600,41900,41800,42300
NL32,30000,31400,33700,34300,35300,36600,37800,39500,40400,39300,40400,40500
NL33,26600,28300,29100,29800,30600,32200,33600,35800,36500,34700,35100,35400
NL34,22600,23700,25600,26700,27200,27800,29000,31900,33700,31600,33900,34300
NL4,25500,26900,27700,28200,29100,30200,31700,33500,34500,33200,34300,35100
NL41,26600,28000,28600,29100,30000,31300,33000,34600,35700,34500,35700,36400
NL42,23300,24700,25800,26100,27100,27700,29100,31200,31900,30300,31400,32100
AT,26000,26600,27300,27700,28700,29800,31300,33000,34000,33100,34100,35700
AT1,27800,28300,29100,29200,30200,31000,32600,34200,35200,34300,35300,36600
AT11,17300,17800,18700,19000,20000,20200,20900,22000,22400,22400,23100,24000
AT12,21400,21600,22000,22400,23700,24100,25500,27200,28100,27200,28000,29400
AT13,35900,36800,37900,37600,38100,39500,41400,42900,44000,43000,44300,45600
AT2,22000,22500,22800,23600,24700,25800,27000,28700,29300,28400,29300,30800
AT21,21600,22000,22600,23200,24200,25200,26500,28100,28800,27800,28700,30400
AT22,22100,22800,22900,23700,25000,26100,27200,28900,29600,28700,29600,31000
AT3,26400,27100,27800,28400,29400,30800,32400,34200,35300,34500,35400,37300
AT31,25200,25800,26400,26900,27900,29300,30800,32500,34000,32900,33800,35900
AT32,29100,29500,30400,31100,32500,33600,35600,38300,38900,38000,39400,41300
AT33,26600,27500,28300,29000,29700,31300,32900,34500,34900,34700,35300,36800
AT34,26800,27700,28700,28900,30100,31200,32800,34700,35900,35100,36000,38000
PL,4900,5600,5500,5000,5300,6400,7100,8200,9500,8100,9200,9600
PL1,6400,7400,7300,6700,7100,8700,9800,11200,13000,11200,12900,13500
PL11,4300,5000,5000,4600,4900,5900,6600,7500,8800,7500,8500,8900
PL12,7400,8700,8500,7800,8200,10100,11400,13000,15100,13100,15000,15700
PL2,4800,5500,5500,5000,5400,6300,7000,8000,9400,8100,9100,9500
PL21,4200,4700,4700,4300,4600,5500,6200,7000,8200,7000,7800,8300
PL22,5200,6000,6000,5500,6000,6900,7600,8700,10300,8800,9900,10400
PL3,3500,4100,4000,3700,3800,4500,5000,5800,6800,5700,6400,6700
PL31,3400,4000,3900,3600,3700,4400,4800,5500,6600,5500,6200,6500
PL32,3400,3900,3900,3600,3700,4500,4900,5500,6600,5600,6200,6500
PL33,3700,4200,4200,3900,4100,4800,5400,6300,7600,6300,7000,7200
PL34,3600,4300,4200,3800,4000,4800,5200,6000,6900,6000,6700,6900
PL4,4900,5600,5400,5000,5300,6400,7000,8000,9300,7900,8800,9200
PL41,5200,5900,5700,5300,5700,6900,7500,8500,9900,8700,9600,10000
PL42,4900,5500,5300,4700,4900,5900,6400,7300,8600,7100,7900,8100
PL43,4300,4900,4800,4300,4700,5800,6300,7200,8200,6900,7800,8000
PL5,4700,5300,5300,4800,5200,6300,7100,8300,9700,8300,9600,10100
PL51,5000,5600,5600,5100,5400,6600,7600,8800,10200,8800,10300,10900
PL52,4000,4400,4400,4000,4600,5300,5700,6700,8000,6800,7500,7700
PL6,4400,5000,5000,4500,4800,5700,6300,7200,8200,7000,7900,8200
PL61,4400,5100,5000,4500,4800,5600,6200,7100,8200,6900,7700,7900
PL62,3800,4200,4200,3900,4100,4900,5400,6100,7000,6000,6700,6900
PL63,4800,5500,5500,5000,5200,6300,7000,8000,9000,7900,8800,9200
PT,12500,13100,13600,13700,14200,14600,15200,16000,16200,15900,16300,16100
PT1,12400,13100,13500,13700,14200,14600,15100,15900,16100,15700,16100,16000
PT11,10000,10600,10900,10800,11100,11500,11900,12700,12900,12600,13000,13000
PT15,13500,14500,15000,15500,15800,16300,16900,17800,17800,16800,16800,16400
PT16,10600,11000,11300,11700,12000,12300,12700,13300,13300,13200,13500,13300
PT17,17500,18300,19100,19300,20100,20700,21300,22400,22700,22300,22700,22500
PT18,11400,11900,12200,12700,13200,13500,14300,14800,14800,14300,15000,14700
PT2,10400,11400,12100,12500,12900,13400,14000,14600,15100,14900,15200,15100
PT20,10400,11400,12100,12500,12900,13400,14000,14600,15100,14900,15200,15100
PT3,13900,13800,16700,16600,17700,18200,20100,20500,21400,20800,21000,20800
PT30,13900,13800,16700,16600,17700,18200,20100,20500,21400,20800,21000,20800
RO,1800,2000,2200,2400,2800,3700,4500,5800,6500,5500,5800,6200
RO1,1700,2000,2200,2400,2700,3500,4300,5700,6000,5200,5400,5500
RO11,1600,1900,2100,2300,2700,3400,4200,5600,5800,5000,5200,5300
RO12,1900,2100,2300,2500,2800,3600,4400,5800,6200,5300,5600,5800
RO2,1400,1600,1700,1900,2200,2700,3300,4100,4500,3900,4100,4200
RO21,1300,1400,1600,1700,1900,2400,2900,3600,4000,3400,3600,3600
RO22,1600,1800,2000,2100,2500,3200,3900,4700,5200,4400,4800,5000
RO3,2500,2700,3000,3200,3800,5300,6400,8200,9800,8100,8500,9400
RO31,1500,1700,1800,2000,2400,3000,3700,4700,5400,4700,4800,5100
RO32,4000,4200,4700,5100,5900,8600,10300,13400,16200,13000,13800,15500
RO4,1700,1900,2000,2300,2700,3400,4300,5400,5900,5000,5400,5700
RO41,1500,1700,1700,2000,2300,2800,3500,4500,4800,4200,4500,4700
RO42,1900,2100,2400,2700,3100,4000,5100,6400,7100,6000,6600,6800
SI,10800,11500,12300,12900,13600,14400,15500,17100,18400,17300,17300,17600
SI0,10800,11500,12300,12900,13600,14400,15500,17100,18400,17300,17300,17600
SI01,9200,9600,10400,10700,11300,11900,12700,14100,15300,14300,14300,14700
SI02,12800,13600,14600,15600,16400,17300,18700,20700,22000,20800,20700,20900
SK,4100,4400,4800,5500,6300,7100,8300,10200,11900,11600,12100,12800
SK0,4100,4400,4800,5500,6300,7100,8300,10200,11900,11600,12100,12800
SK01,8900,9700,10900,12300,14300,17400,19200,24000,27400,28300,29200,31500
SK02,3900,4100,4400,5100,6000,6700,8200,9900,11400,10900,11300,12200
SK03,3400,3700,4100,4500,5200,5500,6400,8000,9700,9300,9900,10000
SK04,3100,3400,3700,4100,4700,5100,5700,6900,8400,7900,8200,8700
FI,25500,26800,27600,27900,29100,30000,31500,34000,34900,32300,33300,35000
FI1,25500,26800,27600,27900,29100,30000,31400,34000,34900,32200,33300,35000
FI19,22300,24000,24500,25100,25800,26900,27900,30500,31500,29000,30000,31700
FI1B,35100,36900,37300,36900,38500,39600,42000,45300,46500,44000,45400,46200
FI1C,23900,24700,25800,25900,27200,27800,28700,30600,31100,28200,28300,30800
FI1D,20000,20500,21600,22500,23600,24300,25600,27500,28500,25400,27000,28800
FI2,31800,37100,37700,37500,38600,39100,39900,40500,39500,41200,40300,41700
FI20,31800,37100,37700,37500,38600,39100,39900,40500,39500,41200,40300,41700
SE,30200,28500,29900,31100,32400,33000,35000,36900,36100,31500,37300,40800
SE1,34700,32400,34100,35300,37000,38000,39800,42200,41200,36900,42600,47100
SE11,42000,38800,40800,42300,44600,45900,47700,50500,49300,44800,50700,56200
SE12,25800,24500,25900,26700,27700,28200,30100,31700,30900,26600,31800,35100
SE2,28100,26600,27800,29100,30000,30200,32400,34300,33200,28300,33700,36700
SE21,27200,25600,27000,28000,29100,28400,31000,33200,32800,26900,32500,35900
SE22,27600,25700,27100,28000,28900,29400,31000,33600,31600,27300,32300,34800
SE23,28900,27800,28600,30500,31200,31700,34000,35400,34600,29700,35300,38400
SE3,26300,25200,26300,27400,28800,29600,31500,32400,32700,27600,34700,37100
SE31,26000,24300,25600,26800,28000,28600,30200,31500,31000,26300,32000,34400
SE32,27400,27200,27600,28200,29500,30300,31400,32100,33100,29400,36300,37700
SE33,26100,25200,26500,27800,29600,30700,33600,34000,35100,28300,38000,40900
UK,27500,28100,29000,27900,29900,31000,32700,34200,29900,25700,27800,28200
UKC,19300,19900,21100,20200,22700,23600,25000,25200,22100,18900,20500,20800
UKC1,19000,18300,19100,18900,21200,21100,22800,23300,20500,17800,19300,19100
UKC2,19600,21200,22700,21300,23900,25600,26800,26800,23400,19800,21400,22200
UKD,22800,23700,24600,23500,25600,26200,27800,29100,25100,22300,23900,23800
UKD1,20800,20900,21500,21900,23800,22800,26000,27000,23400,20600,22900,22300
UKD3,23800,24900,25500,24400,27000,27600,29200,30400,25800,23100,24600,24200
UKD4,21300,21600,22400,21600,23700,23900,24600,26000,22100,19500,20900,21000
UKD6,28000,30200,31500,29800,31700,33300,35400,37700,34300,29300,31800,31700
UKD7,20000,20700,22000,20700,22400,22800,24700,25300,22100,20100,21400,21600
UKE,22100,22500,24000,23300,25200,25700,27100,29000,24600,21400,22800,23000
UKE1,20500,20900,22500,21900,23700,24100,25400,27700,23400,20700,21900,21500
UKE2,23500,23900,26100,25100,27000,27000,28200,29900,25300,21700,23700,24000
UKE3,18500,19200,20800,20100,22100,22600,23900,25900,21000,18700,20300,20000
UKE4,24500,24700,25800,25100,27100,27900,29400,31100,27100,23300,24300,25000
UKF,22500,23000,23700,23000,24200,25500,26700,27900,23900,20600,22500,23100
UKF1,21700,22400,23300,22100,23400,25300,26300,27000,23100,19800,21900,22700
UKF2,25100,25000,25400,25000,26900,27700,29100,30900,26400,22800,24800,24800
UKF3,18500,20000,20700,20700,20300,20600,22300,23200,20000,17500,18800,19800
UKG,24100,24400,25100,23700,25800,26200,27500,28200,24000,20500,22500,22700
UKG1,24300,24100,24200,23400,26200,26500,29100,28800,24600,21300,23200,24000
UKG2,21000,21000,22200,21200,23200,23400,24800,25600,22000,18700,20200,20700
UKG3,25700,26400,27100,25400,27100,27700,28400,29400,24800,21200,23400,23300
UKH,25800,26600,27400,26800,28100,28900,30700,31600,27400,23600,25400,25600
UKH1,24300,25400,26000,25000,26500,27100,30000,30500,26300,22900,24900,25200
UKH2,31100,31800,33000,31300,32800,34700,35100,36100,32100,27300,28700,28700
UKH3,22500,23100,23800,24800,25600,25700,27200,28500,24000,20800,22800,23000
UKI,45900,46100,46800,45100,48300,51100,53100,57300,51500,43900,47200,48500
UKI1,75400,76600,77400,75000,80800,86800,90600,98400,90000,77600,83300,86000
UKI2,27300,26600,27100,25800,27400,28000,28800,30600,26500,21900,23700,24100
UKJ,30200,30800,32300,30600,32000,32900,34500,35900,31200,27000,29500,29800
UKJ1,38800,38800,41400,40100,41700,43000,43900,45500,39100,34000,36900,38400
UKJ2,30400,31000,31900,30300,31200,31600,34100,35100,30500,26500,29000,28700
UKJ3,26600,27900,29000,26400,28400,29100,31200,33200,29100,25400,27800,27400
UKJ4,22500,23100,24500,23200,24500,26200,26500,27400,24200,20500,22500,22700
UKK,24000,24900,25600,24900,26800,27500,28500,30300,26100,23100,25100,24900
UKK1,28500,29800,30800,30100,31800,32400,32900,35700,30700,27100,29800,29400
UKK2,22300,22200,22000,21400,23300,24600,26000,27100,23600,21200,22100,22500
UKK3,15500,16400,18500,18100,18900,19100,21000,21700,19100,16800,18000,17300
UKK4,20500,22000,22600,21600,24200,24500,26100,26800,22800,20000,21900,21600
UKL,19400,19500,20400,19700,21400,22200,23500,24400,20600,18000,19200,19900
UKL1,16400,16400,17400,16500,18000,19000,20000,20700,17800,15600,16800,17200
UKL2,24700,25000,25600,25300,27400,27700,29600,30900,25500,22100,23200,24500
UKM,24700,25900,26700,25700,27900,29100,31100,31700,28100,24600,25500,26200
UKM2,25400,26600,28100,26900,29100,29400,32100,33200,28700,25200,25800,26200
UKM3,22900,24300,24700,23800,25700,27500,28900,29100,25900,22600,23500,23800
UKM5,35600,36700,38100,35600,39100,41600,45500,46700,44100,38000,41200,42700
UKM6,19700,20200,20900,20500,23300,24300,24600,25300,22900,19800,21100,21500
UKN,21800,21800,22100,22300,23600,24200,25800,27700,23300,19900,21100,21000
UKN0,21800,21800,22100,22300,23600,24200,25800,27700,23300,19900,21100,21000
IS,33500,31000,32900,33600,36500,44300,43800,48000,32200,27200,29800,31600
NO,40700,42300,45000,43600,45600,52900,58100,61100,65300,56500,65000,71300
NO0,:,:,:,:,:,:,:,:,47400,45000,51200,53900
NO01,:,:,:,:,:,:,:,:,64400,60700,69100,72600
NO02,:,:,:,:,:,:,:,:,34800,32800,36800,39600
NO03,:,:,:,:,:,:,:,:,38600,36000,39900,42100
NO04,:,:,:,:,:,:,:,:,50100,47400,54800,55900
NO05,:,:,:,:,:,:,:,:,47400,45300,51100,54300
NO06,:,:,:,:,:,:,:,:,40000,38200,44400,47100
NO07,:,:,:,:,:,:,:,:,37500,36800,43000,45400
CH,38500,40300,41500,40000,40400,41300,42700,43200,46400,47100,53300,60300
MK,1900,1900,2000,2100,2200,2400,2600,2900,3300,3300,3400,3600
MK0,1900,1900,2000,2100,2200,2400,2600,2900,3300,3300,3400,3600
MK00,1900,1900,2000,2100,2200,2400,2600,2900,3300,3300,3400,3600
TR,4500,3300,3700,4000,4600,5600,6000,6700,7000,6100,7500,7500
TR1,:,:,:,:,:,:,:,:,:,9300,11300,11300
TR10,:,:,:,:,:,:,:,:,:,9300,11300,11300
TR2,:,:,:,:,:,:,:,:,:,6800,8500,8500
TR21,:,:,:,:,:,:,:,:,:,7600,9700,9800
TR22,:,:,:,:,:,:,:,:,:,6000,7300,7300
TR3,:,:,:,:,:,:,:,:,:,6400,7800,7900
TR31,:,:,:,:,:,:,:,:,:,7400,9100,9300
TR32,:,:,:,:,:,:,:,:,:,5900,7200,7000
TR33,:,:,:,:,:,:,:,:,:,5500,6800,6700
TR4,:,:,:,:,:,:,:,:,:,8200,10000,10200
TR41,:,:,:,:,:,:,:,:,:,8100,9700,9800
TR42,:,:,:,:,:,:,:,:,:,8400,10200,10700
TR5,:,:,:,:,:,:,:,:,:,7200,8700,8600
TR51,:,:,:,:,:,:,:,:,:,8400,10100,10000
TR52,:,:,:,:,:,:,:,:,:,4800,5700,5800
TR6,:,:,:,:,:,:,:,:,:,5100,6400,6200
TR61,:,:,:,:,:,:,:,:,:,6800,8500,8200
TR62,:,:,:,:,:,:,:,:,:,4800,6000,5900
TR63,:,:,:,:,:,:,:,:,:,3900,4800,4800
TR7,:,:,:,:,:,:,:,:,:,4500,5600,5600
TR71,:,:,:,:,:,:,:,:,:,4500,5600,5800
TR72,:,:,:,:,:,:,:,:,:,4500,5600,5400
TR8,:,:,:,:,:,:,:,:,:,4700,5800,5800
TR81,:,:,:,:,:,:,:,:,:,5600,6700,6900
TR82,:,:,:,:,:,:,:,:,:,4500,5600,5400
TR83,:,:,:,:,:,:,:,:,:,4400,5400,5500
TR9,:,:,:,:,:,:,:,:,:,4600,5700,5400
TR90,:,:,:,:,:,:,:,:,:,4600,5700,5400
TRA,:,:,:,:,:,:,:,:,:,3200,4100,4000
TRA1,:,:,:,:,:,:,:,:,:,3900,4900,4800
TRA2,:,:,:,:,:,:,:,:,:,2600,3400,3200
TRB,:,:,:,:,:,:,:,:,:,3100,3900,3700
TRB1,:,:,:,:,:,:,:,:,:,3900,4800,4700
TRB2,:,:,:,:,:,:,:,:,:,2500,3100,2900
TRC,:,:,:,:,:,:,:,:,:,2800,3800,3700
TRC1,:,:,:,:,:,:,:,:,:,3100,4100,4000
TRC2,:,:,:,:,:,:,:,:,:,2700,3500,3500
TRC3,:,:,:,:,:,:,:,:,:,2800,3800,3800
